<?xml version="1.0" encoding="UTF-8"?>
<project-private xmlns="http://www.netbeans.org/ns/project-private/1">
    <editor-bookmarks xmlns="http://www.netbeans.org/ns/editor-bookmarks/2" lastBookmarkId="0"/>
    <open-files xmlns="http://www.netbeans.org/ns/projectui-open-files/2">
        <group>
            <file>file:/C:/Users/sflaquer/Dropbox/ORT/Algoritmos%20y%20Estructura%20de%20datos%202/GIT%20-%20AED2-Obligatorio/ob201802/src/uy/ort/ob201802/mimapa.java</file>
            <file>file:/C:/Users/sflaquer/Dropbox/ORT/Algoritmos%20y%20Estructura%20de%20datos%202/GIT%20-%20AED2-Obligatorio/ob201802/test/Juego_Prueba_Defensa/TestsSistema.java</file>
            <file>file:/C:/Users/sflaquer/Dropbox/ORT/Algoritmos%20y%20Estructura%20de%20datos%202/GIT%20-%20AED2-Obligatorio/ob201802/src/uy/ort/ob201802/Obligatorio.java</file>
            <file>file:/C:/Users/sflaquer/Dropbox/ORT/Algoritmos%20y%20Estructura%20de%20datos%202/GIT%20-%20AED2-Obligatorio/ob201802/src/uy/ort/ob201802/Sistema.java</file>
            <file>file:/C:/Users/sflaquer/Dropbox/ORT/Algoritmos%20y%20Estructura%20de%20datos%202/GIT%20-%20AED2-Obligatorio/ob201802/test/Juego_Prueba_Aulas/TestsSistema.java</file>
            <file>file:/C:/Users/sflaquer/Dropbox/ORT/Algoritmos%20y%20Estructura%20de%20datos%202/GIT%20-%20AED2-Obligatorio/ob201802/src/uy/ort/ob201802/Grafo/Arista.java</file>
            <file>file:/C:/Users/sflaquer/Dropbox/ORT/Algoritmos%20y%20Estructura%20de%20datos%202/GIT%20-%20AED2-Obligatorio/ob201802/src/uy/ort/ob201802/ISistema.java</file>
            <file>file:/C:/Users/sflaquer/Dropbox/ORT/Algoritmos%20y%20Estructura%20de%20datos%202/GIT%20-%20AED2-Obligatorio/ob201802/src/uy/ort/ob201802/Grafo/Grafo.java</file>
        </group>
    </open-files>
</project-private>
